title,PublishedAt,ID,URL,views,likes,dislikes,comments,Last_updated_Date
역사적인 날 [SUB],2022-02-20 12:45,z3UMXU-AzUo,https://www.youtube.com/watch?v=z3UMXU-AzUo,122467,1778,,,2022-02-21
왜 내 여자 깻잎을 떼어주냐? [SUB],2022-02-17 12:00,Gd3ad14EM3s,https://www.youtube.com/watch?v=Gd3ad14EM3s,121061,1862,,,2022-02-21
자기야 쉬고갈까? [SUB],2022-02-13 12:00,9LkMUYFpsxA,https://www.youtube.com/watch?v=9LkMUYFpsxA,164451,2641,,,2022-02-21
회식 [SUB],2022-02-10 12:00,BTvK4-j69P4,https://www.youtube.com/watch?v=BTvK4-j69P4,182221,3184,,,2022-02-21
먼저 퇴근 해 [4K/SUB] - [동네놈들｜HOODBOYZ],2022-02-06 12:00,wTrJAyTFDsU,https://www.youtube.com/watch?v=wTrJAyTFDsU,173809,3087,,,2022-02-21
결혼한다고 10년만에 연락 온 친구 [4K/SUB] - [동네놈들｜HOODBOYZ],2022-02-03 17:30,Y0gMAuz6F7c,https://www.youtube.com/watch?v=Y0gMAuz6F7c,125537,1955,,,2022-02-21
여자랑 눈만 마주쳐도 지 좋아하는 줄 아는 남자들 [4K/SUB] - [동네놈들｜HOODBOYZ],2022-01-30 12:00,RNa6Dw1v9u8,https://www.youtube.com/watch?v=RNa6Dw1v9u8,155690,2491,,,2022-02-21
내 차에 태우기 싫은 사람 있으시죠? [4K/SUB] - [동네놈들｜HOODBOYZ],2022-01-27 19:30,3yUpHPkw_kQ,https://www.youtube.com/watch?v=3yUpHPkw_kQ,134565,2267,,,2022-02-21
[몰카] [SUB] 4800만원 받고 4800원짜리 광고 만든 사기꾼들을 본다면?!!! - [동네놈들｜HOODBOYZ],2022-01-23 12:00,wCgaNAzQ2oU,https://www.youtube.com/watch?v=wCgaNAzQ2oU,159948,4025,,,2022-02-21
편의점 알바하다보면 꼭! 이런 진상 본 적 있으시죠? [4K/SUB] - [동네놈들｜HOODBOYZ],2022-01-22 12:00,C7_SHjdALHc,https://www.youtube.com/watch?v=C7_SHjdALHc,194379,3387,,,2022-02-21
두목의 출소 파티 & 막내 감옥 입소 파티 (Movie ver) [4K/SUB] - [동네놈들｜HOODBOYZ],2022-01-16 12:00,Wy-HHo2chtw,https://www.youtube.com/watch?v=Wy-HHo2chtw,144769,2018,,,2022-02-21
남자들이 여자보다 빨리 죽는 이유 [4K/SUB] - [동네놈들｜HOODBOYZ],2022-01-15 12:00,vPEqEsYcG88,https://www.youtube.com/watch?v=vPEqEsYcG88,117466,2256,,,2022-02-21
남자들의 의리 [4K/SUB] - [동네놈들｜HOODBOYZ],2022-01-13 19:30,cbmOqdrNtWk,https://www.youtube.com/watch?v=cbmOqdrNtWk,129096,2312,,,2022-02-21
[몰카] [SUB] 룩북 촬영 현장을 눈 앞에서 본다면?!!! - [동네놈들｜HOODBOYZ],2022-01-09 12:00,BFgq3gQXGIY,https://www.youtube.com/watch?v=BFgq3gQXGIY,160171,4074,,,2022-02-21
빠른년생으로 생긴 개족보 어떻게 해결 하시나요? - [4K/SUB] - [동네놈들｜HOODBOYZ],2022-01-08 12:00,BOAnXKjwdDY,https://www.youtube.com/watch?v=BOAnXKjwdDY,166092,2570,,,2022-02-21
내 집이다 생각 하랬더니 진짜 편하게 있네? - [4K/SUB] - [동네놈들｜HOODBOYZ],2022-01-06 19:30,zW1J2MJFjRQ,https://www.youtube.com/watch?v=zW1J2MJFjRQ,213378,3491,,,2022-02-21
[몰카] [SUB] 돈 받아 먹고 CF 광고 개판으로 만들어 온 사기꾼들을 본다면?!!! 2탄 - [동네놈들｜HOODBOYZ],2022-01-02 12:00,UMkFuNiP93Q,https://www.youtube.com/watch?v=UMkFuNiP93Q,221607,5211,,,2022-02-21
빌린 돈 안 갚는 사람 꼭 있죠? - [4K/SUB] - [동네놈들｜HOODBOYZ],2022-01-01 12:00,5P0XTHPOXwA,https://www.youtube.com/watch?v=5P0XTHPOXwA,163917,2494,,,2022-02-21
[몰카] [SUB] 만화방에 오랜만에 나타난 역대급 빌런들ㅋㅋㅋㅋㅋ - [동네놈들｜HOODBOYZ],2021-12-26 12:00,NbExZaylrfE,https://www.youtube.com/watch?v=NbExZaylrfE,260813,5626,,,2022-02-21
모르는 사람이 아는 척 했을 때 어떻게 하시나요? - [4K/SUB] - [동네놈들｜HOODBOYZ],2021-12-25 12:00,inoQ48ibxKU,https://www.youtube.com/watch?v=inoQ48ibxKU,146545,2371,,,2022-02-21
밥 같이 먹기 싫은 사람 퇴치 하는 법 알려드릴까요? - [4K/SUB] - [동네놈들｜HOODBOYZ],2021-12-23 19:15,N7vHbrdyts8,https://www.youtube.com/watch?v=N7vHbrdyts8,182277,3006,,,2022-02-21
[몰카] [SUB] 돈 받아 먹고 CF 광고 개판으로 만들어 온 사기꾼들을 본다면?!!! - [동네놈들｜HOODBOYZ],2021-12-19 12:00,n83Cz1b7BhM,https://www.youtube.com/watch?v=n83Cz1b7BhM,380070,7826,,,2022-02-21
계산 안 하려고 이러는 사람 본 적 있죠? - [4K/SUB] - [동네놈들｜HOODBOYZ],2021-12-18 12:00,LRDSnFweOCI,https://www.youtube.com/watch?v=LRDSnFweOCI,237247,3025,,,2022-02-21
한국 사람들은 성격이 왜 이렇게 급하죠? - [SUB/4K] - [동네놈들｜HOODBOYZ],2021-12-16 19:30,T7ULvqmX9WA,https://www.youtube.com/watch?v=T7ULvqmX9WA,93679,1575,,,2022-02-21
CCTV에 찍힌 황당한 도둑들 An absurd thief captured by CCTV #Shorts - [동네놈들｜HOODBOYZ],2021-12-14 17:30,yBkmKgPJQ5s,https://www.youtube.com/watch?v=yBkmKgPJQ5s,61866,905,,,2022-02-21
[몰카][SUB] CCTV에 찍힌 역대급 똥멍청이 도둑들을 본다면?!!! - [동네놈들｜HOODBOYZ],2021-12-12 12:00,8PVQSeMXyOo,https://www.youtube.com/watch?v=8PVQSeMXyOo,224135,5548,,,2022-02-21
기분 나빠 하지말고 들어 (Ft. 듣다보면 기분 나빠지는 말들) - [SUB/4K] - [동네놈들｜HOODBOYZ],2021-12-11 12:00,IRjiprYSdvY,https://www.youtube.com/watch?v=IRjiprYSdvY,122144,2484,,,2022-02-21
은근히 반말하는 사람 본 적 있으시죠? - [SUB/4K] - [동네놈들｜HOODBOYZ],2021-12-09 19:30,Hh0PTadNXpQ,https://www.youtube.com/watch?v=Hh0PTadNXpQ,281983,4441,,,2022-02-21
[몰카] [SUB] 헬스장에서 강도들이 소매치기 훈련을 하고 있다면?!!! - [동네놈들｜HOODBOYZ],2021-12-05 12:00,EQn6jaxVd3M,https://www.youtube.com/watch?v=EQn6jaxVd3M,298896,6457,,,2022-02-21
언제 한 번 밥이나 먹자 - [SUB/4K] - [동네놈들｜HOODBOYZ],2021-12-04 12:00,55Ok6SbBVms,https://www.youtube.com/watch?v=55Ok6SbBVms,172468,2937,,,2022-02-21
있잖아.. 아니다 - [SUB/4K] - [동네놈들｜HOODBOYZ],2021-12-02 19:30,FPM9_3RwPWU,https://www.youtube.com/watch?v=FPM9_3RwPWU,124648,2366,,,2022-02-21
[몰카] [SUB] 초밥집에서 역대급 미친 초밥을 눈 앞에서 본다면?! 5탄 - [동네놈들｜HOODBOYZ],2021-11-28 12:00,f2OW6wAB_f8,https://www.youtube.com/watch?v=f2OW6wAB_f8,742206,12606,,,2022-02-21
살다보니 그렇게 됐지 뭐.. - [SUB/4K] - [동네놈들｜HOODBOYZ],2021-11-27 12:00,9kVjAYuLVaQ,https://www.youtube.com/watch?v=9kVjAYuLVaQ,132144,2349,,,2022-02-21
민초파 VS 반민초파 - [SUB/4K] - [동네놈들｜HOODBOYZ],2021-11-23 19:30,1mtCSNIUv4s,https://www.youtube.com/watch?v=1mtCSNIUv4s,78612,1686,,,2022-02-21
[몰카][SUB] 술집 왔는데 조폭 큰형님 출소 파티를 한다면?!!! 2탄 - [동네놈들｜HOODBOYZ],2021-11-21 12:00,0fmVHGzTF-s,https://www.youtube.com/watch?v=0fmVHGzTF-s,426133,7294,,,2022-02-21
니가 그렇다는 건 아니다 - [SUB/4K] - [동네놈들｜HOODBOYZ],2021-11-18 19:30,3AYhYSD4sX0,https://www.youtube.com/watch?v=3AYhYSD4sX0,178144,3414,,,2022-02-21
[몰카] [SUB] 술집 왔는데 조폭 큰형님 출소 파티를 한다면?!!! - [동네놈들｜HOODBOYZ],2021-11-14 12:00,4_Y2GgRvN78,https://www.youtube.com/watch?v=4_Y2GgRvN78,515093,9996,,,2022-02-21
부먹 VS 찍먹 [SUB/4K] - [동네놈들｜HOODBOYZ],2021-11-13 12:00,qNpOMUAQsyw,https://www.youtube.com/watch?v=qNpOMUAQsyw,111574,2667,,,2022-02-21
[몰카] [SUB] 미용실에서 개소심한 손님 + 라섹 수술해서 잘 안 보이는 미용사ㅋㅋㅋㅋㅋ - [동네놈들｜HOODBOYZ],2021-11-11 19:30,UsfGe1tG2ro,https://www.youtube.com/watch?v=UsfGe1tG2ro,493528,7397,,,2022-02-21
중고차 호구 안 당하는 법 [SUB/4K] - [동네놈들｜HOODBOYZ],2021-11-07 12:00,DaplmxWd8qI,https://www.youtube.com/watch?v=DaplmxWd8qI,165408,2441,,,2022-02-21
관심 특공대 EP.1 l 첫번째 미션 소원 수리 (마음의 편지) - [동네놈들｜HOODBOYZ],2021-11-04 19:30,yfTfJXo736g,https://www.youtube.com/watch?v=yfTfJXo736g,44194,970,,,2022-02-21
[몰카] 8개월동안 기른 머리 칼로 몰래 자르기ㅋㅋㅋㅋㅋ #Shorts - [동네놈들｜HOODBOYZ],2021-11-02 20:30,WCgod0OP4XA,https://www.youtube.com/watch?v=WCgod0OP4XA,4402974,48359,,,2022-02-21
[호스트바 EP.4] 야 긴장하지마 들어가자 (SUB/4K) - [동네놈들｜HOODBOYZ],2021-11-02 19:30,mgbDu86MMSI,https://www.youtube.com/watch?v=mgbDu86MMSI,79203,976,,,2022-02-21
[몰카] 신용카드 분실.. 109만원 피해 봤습니다 [SUB/4K] - [동네놈들｜HOODBOYZ],2021-10-31 12:00,fL1sJy-FhA8,https://www.youtube.com/watch?v=fL1sJy-FhA8,172852,2946,,,2022-02-21
"[사건사고 블랙박스] ""왜 자꾸 빙빙 돌아가세요 기사님"" [SUB] - [동네놈들｜HOODBOYZ]",2021-10-24 18:30,6bkuXVEVgjI,https://www.youtube.com/watch?v=6bkuXVEVgjI,95538,1678,,,2022-02-21
[호스트바 EP.3] 오늘부터.. 누나 내꺼 하자 (SUB/4K) - [동네놈들｜HOODBOYZ],2021-10-21 19:30,1iMRW2mRrUw,https://www.youtube.com/watch?v=1iMRW2mRrUw,123095,1546,,,2022-02-21
[호스트바 EP.2] 선수 첫 투입 (SUB/4K) - [동네놈들｜HOODBOYZ],2021-10-17 12:00,R9qU_GlsIKI,https://www.youtube.com/watch?v=R9qU_GlsIKI,193231,2372,,,2022-02-21
[사건사고 블랙박스] 탈영병을 태워버린 택시기사 [SUB]  - [동네놈들｜HOODBOYZ],2021-10-14 18:30,UuuPBoqsttw,https://www.youtube.com/watch?v=UuuPBoqsttw,103486,1681,,,2022-02-21
[호스트바 EP.1] 면접 영상 (SUB/4K)  - [동네놈들｜HOODBOYZ],2021-10-10 12:00,Und-4MYffaE,https://www.youtube.com/watch?v=Und-4MYffaE,238293,3428,,,2022-02-21
[사건사고 블랙박스] 택시비 떼어먹고 도망.. 블랙박스에 찍힌 얼굴 [SUB] - [동네놈들｜HOODBOYZ],2021-10-08 18:30,oYLCkz0EdEI,https://www.youtube.com/watch?v=oYLCkz0EdEI,68864,1263,,,2022-02-21
[만화방 EP.3] 오징어게임 (SUB/4K) - 동네놈들｜HOODBOYZ,2021-10-01 19:30,mKEMYFQNrUA,https://www.youtube.com/watch?v=mKEMYFQNrUA,130686,2436,,,2022-02-21
[만화방 EP.2] 전세역전 (SUB/4K) - 동네놈들｜HOODBOYZ,2021-09-26 18:30,HxMgyyk2RR0,https://www.youtube.com/watch?v=HxMgyyk2RR0,179004,2976,,,2022-02-21
ENG/IDN/JPN] [몰카] 소개팅 장소가 벌들이 날아 다니는 이색 카페라면?!!! - [동네놈들｜HOODBOYZ],2021-09-19 12:00,bdzJsEqdsGU,https://www.youtube.com/watch?v=bdzJsEqdsGU,124913,2819,,,2022-02-21
[만화방 EP.1] 서열 정리 - 동네놈들｜HOODBOYZ,2021-09-17 19:30,uZzZybYbxOg,https://www.youtube.com/watch?v=uZzZybYbxOg,288638,5412,,,2022-02-21
ENG/IDN/JPN] [몰카] 탈영한 이등병 동생을 포상금 올려서 팔아 넘긴다면?!!! - [동네놈들｜HOODBOYZ],2021-09-12 12:00,uFXzugz6fBU,https://www.youtube.com/watch?v=uFXzugz6fBU,318478,7493,,,2022-02-21
ENG/IDN/JPN] [몰카] 돈가스집 메뉴에 없는 미친 튀김이 나온다면?!!! - [동네놈들｜HOODBOYZ],2021-09-09 12:00,6z5hnt1M-oA,https://www.youtube.com/watch?v=6z5hnt1M-oA,377275,7678,,,2022-02-21
ENG/IDN/JPN] 손흥민과 영상통화 했을 때 외국인 찐 반응 - [동네놈들｜HOODBOYZ],2021-09-05 12:00,Qj5KW1w7ZEo,https://www.youtube.com/watch?v=Qj5KW1w7ZEo,123200,1828,,,2022-02-21
ENG/IDN/JPN] [몰카] 탈영한 이등병 동생을 포상금 때문에 팔아 넘긴다면?!! - [동네놈들｜HOODBOYZ],2021-08-29 12:00,0JQ81Ec_FD8,https://www.youtube.com/watch?v=0JQ81Ec_FD8,569176,11248,,,2022-02-21
ENG/JPN/IDN] [몰카] CCTV로 대놓고 감시하는 사장님 몰카ㅋㅋㅋㅋㅋ - [동네놈들｜HOODBOYZ],2021-08-26 19:30,zWumkuffqh4,https://www.youtube.com/watch?v=zWumkuffqh4,461846,11298,,,2022-02-21
[ENG/IDN/JPN] [몰카] 초밥집에서 미친 초밥을 본다면?!!! - [동네놈들｜HOODBOYZ],2021-08-20 12:00,7FclDMFhsqQ,https://www.youtube.com/watch?v=7FclDMFhsqQ,757023,20358,,,2022-02-21
[SUB] 당하는 사람만 모르는 CG 효과 몰카ㅋㅋㅋㅋㅋ - [동네놈들｜HOODBOYZ],2021-08-15 12:00,XxXkTLC-MbE,https://www.youtube.com/watch?v=XxXkTLC-MbE,142004,3555,,,2022-02-21
[SUB] 광고비 몰빵 대결 🔥커뮤니티에서 투표해주세요🔥 (AORUS 어로스 FO48U 4K 모니터) - [동네놈들｜HOODBOYZ],2021-08-12 19:30,Yg5t8rjYtuU,https://www.youtube.com/watch?v=Yg5t8rjYtuU,56929,1539,,,2022-02-21
[SUB] 노홍철 몰카ㅋㅋㅋㅋㅋ - [동네놈들｜HOODBOYZ],2021-08-08 12:00,3dy1VieHe6c,https://www.youtube.com/watch?v=3dy1VieHe6c,282482,4308,,,2022-02-21
[SUB] [몰카] 칭찬하기 vs 욕 먹기ㅋㅋㅋㅋㅋ서핑 초보 누가 더 잘 탈까?!?! (Feat.넵튠수상스키장) - [동네놈들｜HOODBOYZ],2021-08-06 17:00,ZKlJVJ_xmF4,https://www.youtube.com/watch?v=ZKlJVJ_xmF4,64566,1591,,,2022-02-21
[SUB] 귀신 몰카 당한 시민이 빡쳐서 벽돌로 내려치는 걸 눈 앞에서 본다면?!!! 2탄 - [동네놈들｜HOODBOYZ],2021-08-01 12:00,gDVvCimQf0k,https://www.youtube.com/watch?v=gDVvCimQf0k,291252,6714,,,2022-02-21
[SUB] 귀신 몰카 당한 시민이 빡쳐서 펜치로 내려치는 걸 눈 앞에서 본다면?!!! - [동네놈들｜HOODBOYZ],2021-07-29 19:30,-GY9_L_6yXY,https://www.youtube.com/watch?v=-GY9_L_6yXY,253769,6298,,,2022-02-21
[SUB] [몰카] 수영복 대신 기저귀 채워서 빠지 갔더니 북한강 물 다 흡수해버림ㅋㅋㅋㅋㅋ - [동네놈들｜HOODBOYZ],2021-07-22 19:45,vFGVuqC8Zhg,https://www.youtube.com/watch?v=vFGVuqC8Zhg,122653,3365,,,2022-02-21
[SUB] 킹 받는 헤어로 롯데월드 다녀왔습니다 - [동네놈들｜HOODBOYZ],2021-07-11 12:00,gGdhCToJ4EM,https://www.youtube.com/watch?v=gGdhCToJ4EM,373025,11144,,,2022-02-21
광안리 해수욕장에 미친 정장 입은 빌런 등장!!! - [동네놈들｜HOODBOYZ],2021-07-04 12:00,yolJG7g4JfI,https://www.youtube.com/watch?v=yolJG7g4JfI,340134,9129,,,2022-02-21
ENG/IDN/JPN] [몰카] 미친 디자이너가 만든 약빤 맞춤 정장 - [동네놈들｜HOODBOYZ],2021-07-03 12:00,tFAlZdoDU70,https://www.youtube.com/watch?v=tFAlZdoDU70,195651,6585,,,2022-02-21
ENG/IDN/JPN] [몰카] 초고속 로켓 배달 속도 파쿠르 배달원이 나타났다!!!! - [동네놈들｜HOODBOYZ],2021-06-20 12:00,tFPfLsCCr54,https://www.youtube.com/watch?v=tFPfLsCCr54,487119,13093,,,2022-02-21
ENG/IDN/JPN] [몰카] 팬이라는 여자가 불 꺼진 순간 나에게 키스를 한다면?!!! 2탄 (feat.개그맨 김영구) - [동네놈들｜HOODBOYZ],2021-06-17 19:30,nZ4XCwnkvb8,https://www.youtube.com/watch?v=nZ4XCwnkvb8,159909,3154,,,2022-02-21
ENG/IDN/JPN] [몰카] 팬이라는 여자가 불 꺼진 순간 나에게 키스를 한다면?!!! (feat.웻보이 Wet Boy) - [동네놈들｜HOODBOYZ],2021-06-13 12:00,iLDZ5l4f2xY,https://www.youtube.com/watch?v=iLDZ5l4f2xY,237264,4294,,,2022-02-21
ENG/IDN/JPN/Россия] 2021년 상반기 BEST5 몰카 모음집 - [동네놈들｜HOODBOYZ],2021-06-10 19:30,CtgnHp8w6ZQ,https://www.youtube.com/watch?v=CtgnHp8w6ZQ,319864,6618,,,2022-02-21
ENG/IDN/JPN/Россия] [몰카] 옷가게에 나타난 빌런 알바생과 빌런 손님이 나타난다면?!!! - [동네놈들｜HOODBOYZ],2021-06-06 12:00,lJr5uPkdkAo,https://www.youtube.com/watch?v=lJr5uPkdkAo,589150,14769,,,2022-02-21
ENG/IDN/JPN/Россия] [몰카] 여자친구랑 있는데 나이트에서 만났다는 존예녀가 나타난다면?!!! - [동네놈들｜HOODBOYZ],2021-06-03 19:30,rIq6f0U9Iag,https://www.youtube.com/watch?v=rIq6f0U9Iag,568594,10119,,,2022-02-21
ENG/IDN/JPN/Россия] [몰카] 만화방에 또 다시 나타난 역대급 빌런들ㅋㅋㅋㅋㅋ - [동네놈들｜HOODBOYZ],2021-05-30 12:00,K1IGjKl0eBg,https://www.youtube.com/watch?v=K1IGjKl0eBg,972106,25035,,,2022-02-21
#Shorts 헬스장에서 효과적으로 운동하는 법 How to work out effectively at the gym - [동네놈들｜HOODBOYZ],2021-05-28 18:15,XLg8t56y4Rc,https://www.youtube.com/watch?v=XLg8t56y4Rc,198309,6291,,,2022-02-21
ENG/IDN/JPN/Россия] [몰카] 초밥집에 또 나타난 미친 싸이코들을 직접 본다면?!!! - [동네놈들｜HOODBOYZ],2021-05-23 12:00,Z1CvUjebA0A,https://www.youtube.com/watch?v=Z1CvUjebA0A,1194254,23524,,,2022-02-21
ENG/IDN/JPN/Россия] [몰카] 만화방에 나타난 역대급 빌런들ㅋㅋㅋㅋㅋㅋ - [동네놈들｜HOODBOYZ],2021-05-16 12:00,a9dqK0y1sbA,https://www.youtube.com/watch?v=a9dqK0y1sbA,1491372,35404,,,2022-02-21
#Shorts 헬스장에서 노는 법 - [동네놈들｜HOODBOYZ],2021-05-13 12:00,rd82EoSRRQ8,https://www.youtube.com/watch?v=rd82EoSRRQ8,804789,8359,,,2022-02-21
ENG/IDN/JPN/Россия] [몰카] 개양아치 딜러에게 중고차 허위매물 호구 당하는 걸 직접 본다면?!!! - [동네놈들｜HOODBOYZ],2021-05-09 12:00,CckeCtM7hNA,https://www.youtube.com/watch?v=CckeCtM7hNA,766908,11688,,,2022-02-21
ENG/IDN/JPN/Россия] [몰카] 미친 TV 프로그램들을 눈 앞에서 본다면?!!!! - [동네놈들｜HOODBOYZ],2021-05-06 19:30,WX1TfA5riBE,https://www.youtube.com/watch?v=WX1TfA5riBE,863867,16669,,,2022-02-21
ENG/IDN/JPN] [몰카] 피시방에 나타난 역대급 빌런들ㅋㅋㅋㅋㅋ - [동네놈들｜HOODBOYZ],2021-05-02 12:00,6UaJhp9Dy8g,https://www.youtube.com/watch?v=6UaJhp9Dy8g,1348348,26283,,,2022-02-21
ENG/IDN/JPN] [몰카] 초밥집에서 역대급 미친 초밥을 눈 앞에서 본다면?!!!! - [동네놈들｜HOODBOYZ],2021-04-25 12:00,F1S4wClFGoI,https://www.youtube.com/watch?v=F1S4wClFGoI,2123699,43573,,,2022-02-21
ENG/IDN/JPN] [몰카] 헬스장 몰카 7탄!!!! (feat.구독자 여자친구 속이기) - [동네놈들｜HOODBOYZ],2021-04-23 19:30,eLPvXSk3xt4,https://www.youtube.com/watch?v=eLPvXSk3xt4,1018684,20795,,,2022-02-21
ENG/IDN/JPN] 걸그룹 극한의 팬미팅 몰카ㅋㅋㅋㅋㅋ(feat.그레이시) - [동네놈들｜HOODBOYZ],2021-04-18 12:00,bWSitVCqNOo,https://www.youtube.com/watch?v=bWSitVCqNOo,775222,22006,,,2022-02-21
ENG/IDN/JPN] [몰카] 초밥집에서 역대급 초밥들을 눈 앞에서 본다면?!!! - [동네놈들｜HOODBOYZ],2021-04-11 12:00,0tYFtgKfo6U,https://www.youtube.com/watch?v=0tYFtgKfo6U,5124507,118610,,,2022-02-21
ENG/IDN/JPN] [몰카] 바지인간.. 세상과 마주하다... - [동네놈들｜HOODBOYZ],2021-04-08 19:30,5RiOvoOl8hc,https://www.youtube.com/watch?v=5RiOvoOl8hc,393010,10383,,,2022-02-21
ENG/IDN] 위닝 부심으로 시작 된 최부기 VS 목사님 위닝 대결 - [동네놈들｜HOODBOYZ],2021-03-28 12:00,7iV79VlbzHw,https://www.youtube.com/watch?v=7iV79VlbzHw,243595,3585,,,2022-02-21
ENG/IDN/JPN] [몰카] 헬스장 몰카6ㅋㅋㅋㅋㅋㅋㅋ - [동네놈들｜HOODBOYZ],2021-03-21 12:00,iSkSngiLw_w,https://www.youtube.com/watch?v=iSkSngiLw_w,2719949,34742,,,2022-02-21
ENG/IDN] [몰카] 미친 종이비행기 국가대표 선발전 현장을 본다면?!!!! - [동네놈들｜HOODBOYZ],2021-03-14 12:00,HLI7PdU1nS8,https://www.youtube.com/watch?v=HLI7PdU1nS8,418815,11344,,,2022-02-21
ENG/IDN] [몰카] 관종 개쌉오버핏 모자 몰카ㅋㅋㅋㅋㅋ - [동네놈들｜HOODBOYZ],2021-03-11 19:45,yN5sxIQoTVc,https://www.youtube.com/watch?v=yN5sxIQoTVc,962135,33659,,,2022-02-21
ENG/IDN] ❤️3탄 당첨자 발표❤️ 가수가 노래방에서 본인의 노래를 부르면 몇 점이 나올까? - [동네놈들｜HOODBOYZ],2021-03-10 19:00,BweqfUeKVm0,https://www.youtube.com/watch?v=BweqfUeKVm0,30739,643,,,2022-02-21
ENG/IDN] [몰카] 뺑소니범 잡을려다 패싸움이 벌어진다면?!!!! 🔥레전드급 액션씬🔥 - [동네놈들｜HOODBOYZ],2021-03-07 12:00,jz9EWkdb-FQ,https://www.youtube.com/watch?v=jz9EWkdb-FQ,493233,12240,,,2022-02-21
ENG/IDN][몰카] 여자 배구 MVP 출신 선수에게 등짝 스파이크 맞는다면?!!! - [동네놈들｜HOODBOYZ],2021-03-04 19:30,hLJE8GHxj_M,https://www.youtube.com/watch?v=hLJE8GHxj_M,770273,17967,,,2022-02-21
ENG/IDN] [몰카] 헬스장몰카5ㅋㅋㅋㅋㅋ다시 나타난 역대급 빌런들!!!! - [동네놈들｜HOODBOYZ],2021-02-28 12:00,OPK7U7ti7Gc,https://www.youtube.com/watch?v=OPK7U7ti7Gc,2900536,45934,,,2022-02-21
ENG/IDN] 가수가 노래방에 가서 본인의 노래를 부르면 몇 점이 나올까? ❤️정답 공개❤️ - [동네놈들｜HOODBOYZ],2021-02-21 12:00,Obc71Qek5Kg,https://www.youtube.com/watch?v=Obc71Qek5Kg,132643,2341,,,2022-02-21
ENG/IDN] 레전드 뉴스 방송사고 모음집 (TV버전) - [동네놈들｜HOODBOYZ],2021-02-20 12:00,sLYciOdoN8I,https://www.youtube.com/watch?v=sLYciOdoN8I,188468,3917,,,2022-02-21
가수가 노래방에 가서 본인의 노래를 부르면 몇 점이 나올까? 맞혀봐!!! ❤️2탄 상품 당첨자 발표❤️ - [동네놈들｜HOODBOYZ],2021-02-19 19:30,FJ1ph3p4BWo,https://www.youtube.com/watch?v=FJ1ph3p4BWo,72713,1546,,,2022-02-21
ENG/IDN] 티코 VS 근육몬 3명 줄다리기 대결!!! 🔥정답 공개🔥 - [동네놈들｜HOODBOYZ],2021-02-15 19:30,EIfQeN8TQdM,https://www.youtube.com/watch?v=EIfQeN8TQdM,98256,1726,,,2022-02-21
ENG/IDN] [몰카] TV 모든 채널에서 역대급 방송사고가 일어난다면?!!! - [동네놈들｜HOODBOYZ],2021-02-14 12:00,yYU3AWwVfbA,https://www.youtube.com/watch?v=yYU3AWwVfbA,1417762,37232,,,2022-02-21
ENG/IDN] 티코 VS 근육몬 3명 줄다리기 대결 누가 이길 지 맞혀봐!!! ❤️1탄 상품 당첨자 발표❤️ - [동네놈들｜HOODBOYZ],2021-02-11 19:30,I6tkWtHB5u8,https://www.youtube.com/watch?v=I6tkWtHB5u8,111975,2669,,,2022-02-21
ENG/IDN][몰카] 관종 개쌉오버핏 패션 몰카ㅋㅋㅋㅋㅋ - [동네놈들｜HOODBOYZ],2021-02-07 12:30,Pqwul1M4Hgg,https://www.youtube.com/watch?v=Pqwul1M4Hgg,2809203,85043,,,2022-02-21
ENG/IDN] 🔥정답 공개🔥 누굴 가장 많이 알아 봤을지?!!  - [동네놈들｜HOODBOYZ],2021-02-04 19:30,9iYUN89LGEI,https://www.youtube.com/watch?v=9iYUN89LGEI,79578,1977,,,2022-02-21
ENG/IDN] 제한시간 30분! 누굴 가장 많이 알아볼 지 맞혀봐!!! - [동네놈들｜HOODBOYZ],2021-02-03 14:00,ajhJb8X0WnI,https://www.youtube.com/watch?v=ajhJb8X0WnI,91892,2741,,,2022-02-21
ENG/IDN][몰카] 더욱 더 미쳐가는 뉴스 방송사고 5탄!!!ㅋㅋㅋㅋㅋㅋ - [동네놈들｜HOODBOYZ],2021-01-28 19:30,6JOt22fdTjY,https://www.youtube.com/watch?v=6JOt22fdTjY,2060207,42658,,,2022-02-21
ENG/IDN] [몰카] 뉴스 방송사고 몰카 4탄!!! 이러다 진짜 뉴스에 나오겠네!!!!!ㅋㅋㅋㅋㅋ - [동네놈들｜HOODBOYZ],2021-01-24 12:30,tL5HiiF5nas,https://www.youtube.com/watch?v=tL5HiiF5nas,1950698,51719,,,2022-02-21
ENG/IDN] [몰카] 섹시 BJ랑 술먹방중에 BJ남친이 난입해서 깽판을 친다면?!!!🔥욜로코믹스 복수전🔥 - [동네놈들｜HOODBOYZ],2021-01-17 19:30,VRfWdqwWthM,https://www.youtube.com/watch?v=VRfWdqwWthM,536297,9577,,,2022-02-21
ENG/IDN] [몰카] 미친 뉴스 방송사고를 눈 앞에서 본다면?!! 3탄은 못 참지ㅋㅋㅋㅋㅋ - [동네놈들｜HOODBOYZ],2021-01-14 19:30,6C-Mb96Fr10,https://www.youtube.com/watch?v=6C-Mb96Fr10,2487962,59043,,,2022-02-21
ENG/IDN] [몰카] 수위 높은 섹시 화보 현장을 유튜버 촬영을 도와주다가 직접 본다면?!!! - [동네놈들｜HOODBOYZ],2021-01-10 18:30,VP4nt0RXNJU,https://www.youtube.com/watch?v=VP4nt0RXNJU,547748,10940,,,2022-02-21
ENG/IND] [몰카] 등산 하다가 조폭 조직원 처리 현장을 눈 앞에서 목격한다면?!!! 🔥매운맛🔥 - [동네놈들｜HOODBOYZ],2021-01-07 19:30,iu46pqmp8bg,https://www.youtube.com/watch?v=iu46pqmp8bg,808680,21095,,,2022-02-21
ENG/IND] 죄송합니다 여러분과 상의도 없이 채널을.. - [동네놈들｜HOODBOYZ],2020-12-31 19:30,1JYURnq9kwg,https://www.youtube.com/watch?v=1JYURnq9kwg,162536,2764,,,2022-02-21
ENG/IND] [몰카] 진상 전남친과 통화를 부탁 했는데 영화 바람의 한장면을 직접 겪는다면?!!! 🔥실제배우 송용호 출연🔥 - [동네놈들｜HOODBOYZ],2020-12-27 19:30,O8-5HgqOnfY,https://www.youtube.com/watch?v=O8-5HgqOnfY,391544,8865,,,2022-02-21
END/IND] 광고주 미쳤네.. 이걸 허락해준다고?!!!! 🔥탐니크 광고대결🔥 - [동네놈들｜HOODBOYZ],2020-12-26 19:30,FCRqzSC0zho,https://www.youtube.com/watch?v=FCRqzSC0zho,79206,2409,,,2022-02-21
ENG/IND] 🔥 2020 하반기 BEST 몰카 모음집 🔥 - [동네놈들｜HOODBOYZ],2020-12-24 12:00,gkAxMDOeJAE,https://www.youtube.com/watch?v=gkAxMDOeJAE,314253,4816,,,2022-02-21
ENG/IND] [몰카] 주차 때문에 시비붙다가 패싸움이 일어난다면?!!! 🔥역대급 액션씬🔥 - [동네놈들｜HOODBOYZ],2020-12-20 19:30,7RCVBajI_yY,https://www.youtube.com/watch?v=7RCVBajI_yY,1905803,49385,,,2022-02-21
ENG/IND] [몰카] 산타로 위장한 도둑 VS 눈치 드럽게 없는 집주인을 눈 앞에서 본다면?!!!ㅋㅋㅋㅋㅋ - [동네놈들｜HOODBOYZ],2020-12-17 19:30,njP0FUwn-jE,https://www.youtube.com/watch?v=njP0FUwn-jE,380120,8701,,,2022-02-21
ENG/IND] [몰카] 유튜버 촬영 도와주다가 조폭 마약 밀거래 현장을 찍게 된다면?!!! ♨️역대급 스케일♨️ - [동네놈들｜HOODBOYZ],2020-12-13 19:30,nAb7gblMc88,https://www.youtube.com/watch?v=nAb7gblMc88,1517420,43834,,,2022-02-21
ENG/IND] [몰카] 저세상급 자해공갈단을 눈 앞에서 본다면?!!!ㅋㅋㅋㅋㅋ - [동네놈들｜HOODBOYZ],2020-12-10 19:30,k-YH9LclPyc,https://www.youtube.com/watch?v=k-YH9LclPyc,1008830,22805,,,2022-02-21
"ENG/IND] [몰카] TV속으로 손을 넣어서 홈쇼핑을 조져놓는다면?!!ㅋㅋㅋㅋㅋ(feat.비쎌 크로스웨이브,스팟클린) - [동네놈들｜HOODBOYZ]",2020-12-06 20:00,RrXeekw7ocs,https://www.youtube.com/watch?v=RrXeekw7ocs,1054042,20858,,,2022-02-21
ENG/IND] [몰카] 실제 배구선수가 등짝 스파이크 조지고 여자가 때린 척 한다면?!ㅋㅋㅋㅋㅋ - [동네놈들｜HOODBOYZ],2020-12-03 19:30,_WfgHlCViYI,https://www.youtube.com/watch?v=_WfgHlCViYI,626450,11659,,,2022-02-21
ENG/IND] [몰카] 지나가는 사람한테 촬영 도와달라하고 조폭 사무실로 쳐들어간다면?!ㅋㅋㅋㅋㅋ - [동네놈들｜HOODBOYZ],2020-11-29 19:30,sT_RqXs5e88,https://www.youtube.com/watch?v=sT_RqXs5e88,1473516,30482,,,2022-02-21
ENG/IND] [몰카] 복싱 했다고 깝치는 놈 눈 뜨자마자 한국 챔피언이랑 스파링으로 조져버리기ㅋㅋㅋㅋㅋ - [동네놈들｜HOODBOYZ],2020-11-26 19:30,Z9YF1FQIB78,https://www.youtube.com/watch?v=Z9YF1FQIB78,303634,5945,,,2022-02-21
ENG/IND] [몰카] 태권도 유단자가 시비 걸면 근육몬들도 과연 쫄까?!!ㅋㅋㅋㅋㅋㅋ - [동네놈들｜HOODBOYZ],2020-11-22 19:30,T3Ktka2uy_o,https://www.youtube.com/watch?v=T3Ktka2uy_o,791648,12392,,,2022-02-21
ENG/IND] [몰카] 다이어트 실패한 형 미스코리아 수영복 입히고 강제브이로그 조지기ㅋㅋㅋㅋㅋ - [동네놈들｜HOODBOYZ],2020-11-19 19:30,nimhs6L7nc8,https://www.youtube.com/watch?v=nimhs6L7nc8,176035,4818,,,2022-02-21
ENG/IND] PRANK] 부기의 큰그림 재형이형 머리 탈색 조져버리기ㅋㅋㅋㅋㅋ(안진호는 몰랐음) - [동네놈들｜HOODBOYZ],2020-11-17 19:45,C118eQ-JKqY,https://www.youtube.com/watch?v=C118eQ-JKqY,100734,2010,,,2022-02-21
ENG/IND] PRANK] 미친 요가강사의 약빨은 요가 영상을 본다면?!!!ㅋㅋㅋㅋㅋ(회원들 개당황) - [동네놈들｜HOODBOYZ],2020-11-15 19:30,QqK0E3xTTlU,https://www.youtube.com/watch?v=QqK0E3xTTlU,1412894,23150,,,2022-02-21
ENG/IND] 악플 읽으면서 평정심 유지하기ㅋㅋㅋㅋㅋ - [동네놈들｜HOODBOYZ],2020-11-12 19:30,yuHoCj5iiwQ,https://www.youtube.com/watch?v=yuHoCj5iiwQ,235745,5678,,,2022-02-21
ENG/IND] [PRANK] 진호가 여자친구 송희랑 있는데 존예녀가 들이댄다면?!!ㅋㅋㅋㅋㅋ(송희 개빡침) - [동네놈들｜HOODBOYZ],2020-11-08 19:30,h31DjFy8968,https://www.youtube.com/watch?v=h31DjFy8968,1604493,28853,,,2022-02-21
ENG/IND] 잘생긴 줄 아는 형들 못생김 찾아주기ㅋㅋㅋㅋㅋ - [동네놈들｜HOODBOYZ],2020-11-05 19:30,B2ThMKLf6pE,https://www.youtube.com/watch?v=B2ThMKLf6pE,117801,2812,,,2022-02-21
ENG/IND] 우루사 광고 병맛으로 만들어서 관계자 앞에서 보여줬습니다ㅋㅋㅋㅋㅋ  - [동네놈들｜HOODBOYZ],2020-10-30 19:30,I0gpWQm8nZY,https://www.youtube.com/watch?v=I0gpWQm8nZY,372303,8272,,,2022-02-21
ENG] 소개팅에서 재형이형이 시키는대로 했다가 X망했습니다...  - [동네놈들｜HOODBOYZ],2020-10-25 19:30,u-QH6Q-XT1U,https://www.youtube.com/watch?v=u-QH6Q-XT1U,534508,10117,,,2022-02-21
ENG SUB] 부기집에 숨어있다가.. 숨겨진 여자친구 목격했습니다... - [동네놈들｜HOODBOYZ],2020-10-22 19:30,hB7x9z3DNPU,https://www.youtube.com/watch?v=hB7x9z3DNPU,1762201,33538,,,2022-02-21
🇺🇲🇮🇩SUB] [PRANK] 아바타로 헌팅 대결하기ㅋㅋㅋㅋㅋㅋ재형→부기 VS 진호→영현 - [동네놈들｜HOODBOYZ],2020-10-18 20:30,P9n0pePFWe0,https://www.youtube.com/watch?v=P9n0pePFWe0,415868,8893,,,2022-02-21
🇺🇲🇮🇩SUB] 아마 이 영상도 노오란딱지가 붙겠지요..?,2020-10-15 20:30,oqo4UcL9UcI,https://www.youtube.com/watch?v=oqo4UcL9UcI,174861,3021,,,2022-02-21
🇺🇲SUB] [PRANK] 또 한 번의 레전드급 뉴스 방송사고가 눈 앞에서 벌어진다면?!!! 🔥이번편 역대급🔥 - [동네놈들｜HOODBOYZ],2020-10-11 15:00,3lOorJ7XjMU,https://www.youtube.com/watch?v=3lOorJ7XjMU,1413768,28703,,,2022-02-21
🇺🇲SUB] 소리내면 쳐맞는 교도소 먹방ㅋㅋㅋㅋㅋ - [동네놈들｜HOODBOYZ],2020-10-08 20:30,eokJ5RA0QP0,https://www.youtube.com/watch?v=eokJ5RA0QP0,210278,5180,,,2022-02-21
🇺🇸SUB][PRANK] 누군가 하루종일 내 앞에 계속 나타난다면?!!!ㅋㅋㅋㅋㅋ - [동네놈들｜HOODBOYZ],2020-10-04 20:30,PIS-28FST9Y,https://www.youtube.com/watch?v=PIS-28FST9Y,359073,8025,,,2022-02-21
🇺🇲SUB][PRANK] 다이어트 하는 형 하루종일 몰래 2만칼로리 섭취 시켜서 다이어트 X되게 하기 ㅋㅋㅋㅋㅋ - [동네놈들｜HOODBOYZ],2020-10-01 20:30,Go_BUXYhSAs,https://www.youtube.com/watch?v=Go_BUXYhSAs,322198,5486,,,2022-02-21
🇺🇸🇪🇸🇮🇩SUB][PRANK] 역대급 뉴스 방송사고를 눈 앞에서 본다면?!!! 여자분들 보다가 굳어버림ㅋㅋㅋㅋㅋ - [동네놈들｜HOODBOYZ],2020-09-27 20:30,TMC3CRhOap0,https://www.youtube.com/watch?v=TMC3CRhOap0,1503194,32131,,,2022-02-21
🇺🇸SUB][PRANK] 안진호의 아바타가 되어 형들한테 맞기 직전까지 가보기ㅋㅋㅋㅋㅋ - [동네놈들｜HOODBOYZ],2020-09-24 20:30,ut98OyzsNUI,https://www.youtube.com/watch?v=ut98OyzsNUI,641111,12110,,,2022-02-21
🇺🇸🇮🇩SUB] 고도비만+내장비만+지방간+복부비만+고혈압 = 정재형,2020-09-16 20:30,x98pnAQQB6g,https://www.youtube.com/watch?v=x98pnAQQB6g,179152,3004,,,2022-02-21
🇺🇸🇪🇸🇮🇩SUB][PRANK] TV속 남자랑 싸우다가 머리채까지 잡히는 현장을 본다면?!!ㅋㅋㅋㅋ옆테이블 웃느라 고기를 못먹네ㅋㅋㅋㅋㅋㅋ - [동네놈들｜HOODBOYZ],2020-09-13 20:30,xoekkIQk8uI,https://www.youtube.com/watch?v=xoekkIQk8uI,1431725,37048,,,2022-02-21
🇺🇸🇪🇸🇮🇩SUB] 애드립 대결 + 웃음 참기 대결 2탄!!!!ㅋㅋㅋㅋㅋㅋ(제일 잘 참는 1인 상금 100만원) - [동네놈들｜HOODBOYZ],2020-09-09 20:45,reAhDontWlg,https://www.youtube.com/watch?v=reAhDontWlg,169053,3403,,,2022-02-21
🇺🇸🇪🇸🇮🇩SUB] 애드립 웃음 참기 대결 웃으면 X된다!!!ㅋㅋㅋㅋㅋㅋ(제일 잘 참는 1인 상금 100만원) - [동네놈들｜HOODBOYZ],2020-09-06 19:45,MwPXl1RVICE,https://www.youtube.com/watch?v=MwPXl1RVICE,231289,5300,,,2022-02-21
🇺🇸🇮🇩SUB] 삼인일체 복불복 비빔밥 먹방 (비빔밥 재료 VS ??????) korean bibimbap mukbang - [동네놈들｜HOODBOYZ],2020-09-03 21:00,WTuwfMWOJ1Y,https://www.youtube.com/watch?v=WTuwfMWOJ1Y,99298,2201,,,2022-02-21
🇺🇸🇪🇸🇮🇩SUB] [PRANK] 누가봐도 강도인데 전혀 의심을 안하는 직원을 본다면?!! 2탄!!!! 커플들 육성으로 개터졌음ㅋㅋㅋㅋㅋ - [동네놈들｜HOODBOYZ],2020-08-30 20:30,R4-2VFVJQsg,https://www.youtube.com/watch?v=R4-2VFVJQsg,2041489,37536,,,2022-02-21
🇺🇸🇪🇸🇮🇩SUB] 2년동안 유튜브를 하면서 느낀것들 -2부-,2020-08-24 20:30,JTkMTpy3ha0,https://www.youtube.com/watch?v=JTkMTpy3ha0,164348,4067,,,2022-02-21
🇺🇸🇪🇸🇮🇩SUB] 2년동안 유튜브를 하면서 느낀것들,2020-08-23 20:30,aKvWr3ZTz60,https://www.youtube.com/watch?v=aKvWr3ZTz60,179099,5158,,,2022-02-21
🇺🇸🇪🇸🇫🇷🇮🇩SUB] [PRANK] TV속 남자와 싸우다가 추격전까지 벌어진다면?!!!ㅋㅋㅋㅋㅋ옆 커플 고기 코에 걸렸음ㅋㅋㅋㅋㅋ - [동네놈들],2020-08-16 20:30,IhZQ7pQwT_Q,https://www.youtube.com/watch?v=IhZQ7pQwT_Q,1854176,38192,,,2022-02-21
🇺🇲🇫🇷🇮🇩🇪🇸SUB] (앞광고) 후라이드참잘하는집 삼인일체 치킨 먹방 - [동네놈들],2020-08-11 20:30,-75kIHWtEZ0,https://www.youtube.com/watch?v=-75kIHWtEZ0,377951,7822,,,2022-02-21
🇺🇲🇫🇷🇪🇸🇮🇩SUB] [몰카] 누가봐도 강도인데 전혀 의심을 안하는 직원을 본다면?!!! 옆 커플들 제대로 터졌음 ㅋㅋㅋㅋㅋ - [동네놈들｜HOODBOYZ],2020-08-09 20:30,7Y8Vv_KHp7I,https://www.youtube.com/watch?v=7Y8Vv_KHp7I,3708853,56882,,,2022-02-21
🇺🇲🇪🇸🇮🇩SUB] 안진호 술버릇 공개합니다..,2020-08-06 20:30,ReG_KOYb3hk,https://www.youtube.com/watch?v=ReG_KOYb3hk,504797,9800,,,2022-02-21
🇺🇸🇮🇩🇪🇸SUB] [몰카] TV 속 남자가 현피뜨자해서 TV로 직접 들어가버림ㅋㅋㅋㅋ옆 테이블 돈까스 다뱉음ㅋㅋㅋㅋㅋ - [동네놈들],2020-08-02 20:30,VMUeoPRlIL4,https://www.youtube.com/watch?v=VMUeoPRlIL4,2135667,57985,,,2022-02-21
🇺🇲🇮🇩🇪🇸SUB] 형.. 이건 심하잖아... - [동네놈들],2020-07-30 20:30,afpfQ9nR8lc,https://www.youtube.com/watch?v=afpfQ9nR8lc,450874,8170,,,2022-02-21
🇺🇸🇪🇸🇮🇩SUB] [몰카] TV 속 남자랑 싸움 붙어서 TV랑 싸우고 있는 현장을 본다면?!!!ㅋㅋㅋㅋㅋ옆 테이블 웃다가 사레걸림ㅋㅋㅋㅋㅋ - [동네놈들],2020-07-26 20:30,KJ_8qJYkbKA,https://www.youtube.com/watch?v=KJ_8qJYkbKA,2871891,76643,,,2022-02-21
[몰카] 🇺🇸🇪🇸SUB] 연애 할 때 몇 번 맞아봤나요?! 정신 나간 설문조사ㅋㅋㅋㅋㅋ여자분들 개빵터짐 ㅋㅋㅋㅋㅋㅋ - [동네놈들],2020-07-23 20:30,6V4G1vw5Kik,https://www.youtube.com/watch?v=6V4G1vw5Kik,1005688,15891,,,2022-02-21
🇺🇲🇮🇩SUB] 이제는 말하겠습니다... - [동네놈들],2020-07-19 20:30,U5g7REjEQ0c,https://www.youtube.com/watch?v=U5g7REjEQ0c,461261,7132,,,2022-02-21
[몰카] 🇺🇲🇪🇸🇮🇩SUB] 부기 여자친구가 AV배우 였을 때 멤버들의 찐반응ㅋㅋㅋㅋㅋ배우님 수위조절 실패.. - [동네놈들],2020-07-12 20:30,OugOqtXvUYk,https://www.youtube.com/watch?v=OugOqtXvUYk,2486888,34769,,,2022-02-21
[몰카] 🇺🇲🇪🇸🇮🇩SUB] 자전거 튜닝을 왜 이렇게까지 하는데!ㅋㅋㅋㅋㅋ커플분들 역대급으로 터졌음ㅋㅋㅋㅋㅋㅋ - [동네놈들],2020-07-09 20:30,VKgLpd5Uhfk,https://www.youtube.com/watch?v=VKgLpd5Uhfk,1860839,38097,,,2022-02-21
[몰카] 🇺🇲🇪🇸SUB] 낚시터에 나타난 미친 낚시꾼들ㅋㅋㅋㅋㅋㅋ지켜보시는 아저씨들 개빵터짐ㅋㅋㅋㅋㅋ- [동네놈들],2020-07-05 20:30,LZabcEDr4D8,https://www.youtube.com/watch?v=LZabcEDr4D8,923606,14545,,,2022-02-21
🇺🇲🇪🇸🇮🇩SUB] 저희 공개연애 합니다,2020-07-02 20:30,NtgZcP2fUzs,https://www.youtube.com/watch?v=NtgZcP2fUzs,833079,14586,,,2022-02-21
🇺🇲🇪🇸🇮🇩SUB] 삼인일체 디저트먹방 멀~커억!!! korean dessert mukbang ASMR (feat.디저트39/동패점) - [동네놈들],2020-06-30 21:30,SIbOe9eKrQo,https://www.youtube.com/watch?v=SIbOe9eKrQo,161204,5595,,,2022-02-21
[몰카] 🇺🇲SUB] 1억 광고 VS 동료의 위급한 상황 한 곳만 가야한다면?!!! - [동네놈들],2020-06-28 20:30,YGGvxCH96cc,https://www.youtube.com/watch?v=YGGvxCH96cc,431900,6826,,,2022-02-21
[몰카]🇺🇲🇪🇸🇮🇩SUB] 바람난 여자친구한테 여친인 척 통화를 부탁한다면?!! (2탄) - [동네놈들],2020-06-25 20:30,uII9SVFjx9c,https://www.youtube.com/watch?v=uII9SVFjx9c,1253913,20626,,,2022-02-21
🇺🇲🇹🇷SUB] 2020상반기 BEST 몰카 모음집 - [동네놈들],2020-06-18 20:30,CO2-Hm-ZQeI,https://www.youtube.com/watch?v=CO2-Hm-ZQeI,318995,4299,,,2022-02-21
[몰카] 🇺🇲🇹🇷🇮🇩SUB] 미친 요가강사의 약빤 요가 수업ㅋㅋㅋㅋㅋㅋ - [동네놈들],2020-06-14 20:30,aIdqfzAKS8U,https://www.youtube.com/watch?v=aIdqfzAKS8U,3800210,40604,,,2022-02-21
[몰카] 🇺🇲🇪🇸🇮🇩SUB] 이색 종이비행기 날리는 미친 동호회ㅋㅋㅋㅋㅋㅋ - [동네놈들],2020-06-11 20:30,wti7_SFTnl8,https://www.youtube.com/watch?v=wti7_SFTnl8,1008629,17766,,,2022-02-21
[몰카] 🇺🇲🇮🇩SUB] 맞춤정장샵에 나타난 미친 디자이너 + 약빤 손님ㅋㅋㅋㅋㅋㅋ - [동네놈들],2020-06-07 20:30,08_7oOBt0k0,https://www.youtube.com/watch?v=08_7oOBt0k0,1943047,46384,,,2022-02-21
[몰카] 🇺🇲🇮🇩SUB] 차 없이 운전연수하는 미친강사를 본다면?!!ㅋㅋㅋㅋㅋ - [동네놈들],2020-06-04 20:00,LZQlOaZY-JI,https://www.youtube.com/watch?v=LZQlOaZY-JI,1631737,24774,,,2022-02-21
[몰카] 🇺🇲🇮🇩SUB] 골프장에 또 등장한 미친놈들ㅋㅋㅋㅋㅋ(ft.새로운 타법 대공개!!!) - [동네놈들],2020-05-31 20:30,NEBafGbmAaY,https://www.youtube.com/watch?v=NEBafGbmAaY,2987748,28629,,,2022-02-21
[몰카] 🇺🇲🇮🇩SUB] 🔥와꾸 때문에 빠꾸 당한 손님 VS 제발 좀 나가달라는 주인🔥 - [동네놈들],2020-05-28 20:00,Tr-xAFdEGt0,https://www.youtube.com/watch?v=Tr-xAFdEGt0,1150676,13099,,,2022-02-21
🇺🇲🇮🇩SUB] 🍕킹기훈과 초대형피자 먹방 버~억!!! korean mukbang ASMR 🍕,2020-05-24 20:00,QHNXeQf77sU,https://www.youtube.com/watch?v=QHNXeQf77sU,193243,4142,,,2022-02-21
🇺🇲🇮🇩SUB] [몰카] 1일 250깡 하는 미친놈들이 나타난다면?!ㅋㅋㅋㅋㅋㅋㅋ,2020-05-21 20:00,g12CXrKIgCU,https://www.youtube.com/watch?v=g12CXrKIgCU,1272057,20769,,,2022-02-21
🇺🇲🇪🇸🇮🇩🇫🇷🇷🇺🇦🇪SUB] [몰카] 머리 망쳐 빡친 손님이 미용사 머리를 조진다면?!ㅋㅋㅋㅋㅋ미녀분들 리액션 레게노ㅋㅋㅋ - [동네놈들],2020-05-17 19:30,gZTjH8fQyy8,https://www.youtube.com/watch?v=gZTjH8fQyy8,4413693,66113,,,2022-02-21
🇺🇲SUB] 킹기훈 몰카 VS 동네놈들 몰카,2020-05-14 20:00,ASPqletEzqs,https://www.youtube.com/watch?v=ASPqletEzqs,1083482,16905,,,2022-02-21
🇺🇲🇮🇩SUB] 인간 자동세차 몰카ㅋㅋㅋㅋㅋ human car wash - [동네놈들],2020-05-10 19:30,9asMrpzqjVs,https://www.youtube.com/watch?v=9asMrpzqjVs,388194,7680,,,2022-02-21
🇺🇲🇮🇩SUB] [몰카] 연예인이랑 맞짱 한 번 뜨던가!!! (랩퍼 산이 비오 2탄)  - [동네놈들],2020-05-07 19:30,XFvS9Cr6m7E,https://www.youtube.com/watch?v=XFvS9Cr6m7E,328449,6118,,,2022-02-21
🇺🇲🇮🇩SUB] [몰카] 랩퍼 산이 비오 몰카 하다가.. 터졌습니다…(1탄) - [동네놈들],2020-05-06 16:00,cX_6Lm-lRwY,https://www.youtube.com/watch?v=cX_6Lm-lRwY,433719,8323,,,2022-02-21
🇺🇲🇮🇩SUB] 🔥편의점 먹방🔥 까르보불닭 육개장컵라면 참깨라면 삼각김밥 킬바사소시지 초코몽 요플레 / convenience store food mukbang ASMR,2020-04-30 21:00,l1IQLSKwumM,https://www.youtube.com/watch?v=l1IQLSKwumM,118062,2541,,,2022-02-21
🇺🇲🇮🇩SUB] 자메이카통다리구이+짜파구리+파김치 먹방 Jamaican Tongdari Chicken+black bean spicy noodles Mukbang eating,2020-04-26 21:00,g7cRyu7-IBE,https://www.youtube.com/watch?v=g7cRyu7-IBE,147464,3171,,,2022-02-21
🇺🇲SUB] [몰카] 악플러로 안진호 조졌습니다!!!+진호의 눈물ㅋㅋㅋㅋㅋ - [동네놈들],2020-04-23 18:00,xJZ-P4dbpus,https://www.youtube.com/watch?v=xJZ-P4dbpus,1250210,23428,,,2022-02-21
🇺🇲🇮🇩SUB] [몰카] 미친 관종 모자 동호회ㅋㅋㅋㅋㅋㅋㅋ - [동네놈들],2020-04-19 17:30,1YpAudlMpj8,https://www.youtube.com/watch?v=1YpAudlMpj8,450400,9538,,,2022-02-21
🇺🇲🇮🇩SUB] [몰카] 남캠 BJ 떡상하는 비법 공개 합니다🔥- [동네놈들],2020-04-16 17:00,SCbrGdm1ux8,https://www.youtube.com/watch?v=SCbrGdm1ux8,669154,10685,,,2022-02-21
🇺🇲🇮🇩🇫🇷SUB] [MV] 동네놈들 - 그놈의 술이 문제야 (hood boyz - Damn it! Alcohol is a problem),2020-04-13 15:30,c8Cd39kmz7o,https://www.youtube.com/watch?v=c8Cd39kmz7o,152182,4529,,,2022-02-21
🇺🇲🇮🇩SUB] [몰카] 니들 눈엔 선배고 뭐고 없어?!! - [동네놈들],2020-04-12 17:00,uoXrRsHpTD4,https://www.youtube.com/watch?v=uoXrRsHpTD4,2497595,27871,,,2022-02-21
🇺🇲🇮🇩SUB] [몰카] 시청률 때문에 제보자를 범인으로 만든다면?!ㅋㅋㅋㅋㅋ - [동네놈들],2020-04-09 12:00,KaABdNgQVew,https://www.youtube.com/watch?v=KaABdNgQVew,673465,11548,,,2022-02-21
🇺🇲🇮🇩SUB] [몰카] 그만 좀 속여!! 이 XXX들아!!!  - [동네놈들],2020-04-05 17:00,IoxrIr79Ouc,https://www.youtube.com/watch?v=IoxrIr79Ouc,696480,11686,,,2022-02-21
🇺🇲🇫🇷🇪🇸🇮🇩SUB] [몰카] 오빠들 나 여기서 방송 좀 켜도 돼?!!! - [동네놈들],2020-04-02 19:30,O3W9NgwDnQI,https://www.youtube.com/watch?v=O3W9NgwDnQI,3214187,80598,,,2022-02-21
[몰카] 월수익 3000만원 버는 배달원ㅋㅋㅋㅋㅋ - [동네놈들],2020-03-26 19:30,rCuIKPCnnqE,https://www.youtube.com/watch?v=rCuIKPCnnqE,519649,6973,,,2022-02-21
🇺🇲🇮🇩SUB] 박새로이 머리 강제로 잘라주기ㅋㅋㅋㅋㅋ - [동네놈들],2020-03-22 19:30,f0VKQawQmCE,https://www.youtube.com/watch?v=f0VKQawQmCE,363156,6159,,,2022-02-21
🇺🇲SUB] 미스터트롯 류지광 몰카ㅋㅋㅋㅋㅋ - [동네놈들],2020-03-19 19:30,s2KHvsiK2dE,https://www.youtube.com/watch?v=s2KHvsiK2dE,1081008,18896,,,2022-02-21
🇺🇲SUB] 미스터트롯 도전합니다!!! - [동네놈들],2020-03-15 19:30,ZzEbvKFV_0Y,https://www.youtube.com/watch?v=ZzEbvKFV_0Y,93863,1974,,,2022-02-21
🇺🇲🇮🇩SUB] 몽타주 몰카3ㅋㅋㅋㅋㅋ범인이랑 닮은 사람이 두 명이라면?!!  - [동네놈들],2020-03-12 19:30,EtAPawLkxNU,https://www.youtube.com/watch?v=EtAPawLkxNU,1817263,28155,,,2022-02-21
🇺🇲🇮🇩SUB] 인간 타조 몰카ㅋㅋㅋㅋㅋ - [동네놈들],2020-03-08 19:30,xgTQ4CxNEDg,https://www.youtube.com/watch?v=xgTQ4CxNEDg,851657,20255,,,2022-02-21
🇺🇲SUB] 100만 유튜버의 일상은 어떨까?,2020-03-05 19:30,PeY3Rup5sV8,https://www.youtube.com/watch?v=PeY3Rup5sV8,221121,5136,,,2022-02-21
🇺🇲🇮🇩SUB] 공 없이 배트민턴 치기ㅋㅋㅋㅋㅋㅋ - [동네놈들],2020-03-01 19:30,mNDqcQTCFx0,https://www.youtube.com/watch?v=mNDqcQTCFx0,913658,16493,,,2022-02-21
🇺🇲🇮🇩SUB] 관종 헤어 몰카ㅋㅋㅋㅋㅋ - [동네놈들],2020-02-27 19:30,WfXy2jtMrDo,https://www.youtube.com/watch?v=WfXy2jtMrDo,3039680,77901,,,2022-02-21
🇺🇲🇮🇩SUB] 관종 스키 몰카ㅋㅋㅋㅋㅋ - [동네놈들],2020-02-19 19:30,_wvuj4QWlbc,https://www.youtube.com/watch?v=_wvuj4QWlbc,495228,8797,,,2022-02-21
🇺🇲🇮🇩SUB] 가수 김보경 촬영 할 때 깽판치기ㅋㅋㅋㅋㅋ - [동네놈들],2020-02-16 19:30,UraGF4SDYGc,https://www.youtube.com/watch?v=UraGF4SDYGc,826078,11965,,,2022-02-21
🇺🇲🇮🇩SUB] 관종 우산 몰카ㅋㅋㅋㅋㅋ - [동네놈들],2020-02-13 19:30,Z50_rl_tfyw,https://www.youtube.com/watch?v=Z50_rl_tfyw,4153535,83112,,,2022-02-21
🇺🇲SUB] .....하.....,2020-02-09 19:30,ow95PlM0wk4,https://www.youtube.com/watch?v=ow95PlM0wk4,518469,8418,,,2022-02-21
🇺🇲🇮🇩SUB] 람보르기니 2333개월 할부로 가능하죠? - [동네놈들],2020-02-06 19:30,j-9UfEjxQO4,https://www.youtube.com/watch?v=j-9UfEjxQO4,3699849,37474,,,2022-02-21
"🇺🇲🇮🇩SUB] ""이게 명예훼손 이라고요?""",2020-01-30 23:30,cO2xiZd1zPA,https://www.youtube.com/watch?v=cO2xiZd1zPA,1445282,17955,,,2022-02-21
🇺🇲🇮🇩SUB] 헬스장에서 몰카만 하다가 운동 한 번 해봤슴돠 - [동네놈들],2020-01-23 19:30,0B5PgSj63fs,https://www.youtube.com/watch?v=0B5PgSj63fs,2294105,32896,,,2022-02-21
🇺🇲SUB] 랜덤룰렛으로 XXX 조지기!!!ㅋㅋㅋㅋㅋ - [동네놈들],2020-01-19 19:30,OgkdOPiPjfw,https://www.youtube.com/watch?v=OgkdOPiPjfw,412462,6393,,,2022-02-21
🇺🇲🇮🇩SUB] 아침에 눈 뜨자마자 미녀와 소개팅 시키기ㅋㅋㅋㅋㅋ - [동네놈들],2020-01-16 19:30,m6_zOAdefRE,https://www.youtube.com/watch?v=m6_zOAdefRE,1795562,27569,,,2022-02-21
🇺🇲🇮🇩SUB] 진호가 얼음계곡과 한몸이 되니 형들은 행복하구나 - [동네놈들],2020-01-09 21:45,8azj5lv72So,https://www.youtube.com/watch?v=8azj5lv72So,520764,7982,,,2022-02-21
🇺🇲🇮🇩SUB] 솔직히 예상은 했습니다만.. - [동네놈들],2020-01-05 19:30,SrbbOwNgza0,https://www.youtube.com/watch?v=SrbbOwNgza0,684566,10750,,,2022-02-21
🔥댓글+투표=꼴찌 골로 보내기🔥(feat.미넴) - [동네놈들],2020-01-02 21:30,UyW_acZnIJY,https://www.youtube.com/watch?v=UyW_acZnIJY,176339,2639,,,2022-02-21
한마디 하겠습니다.. - [동네놈들],2020-01-02 00:06,fep8UjSnflI,https://www.youtube.com/watch?v=fep8UjSnflI,164572,2592,,,2022-02-21
🇺🇲🇮🇩SUB] HYNN 박혜원 “시든 꽃에 물을 주듯” 미친 라이브에 촬영 중단?! - [동네놈들],2019-12-26 19:30,oD-GuZFa1yY,https://www.youtube.com/watch?v=oD-GuZFa1yY,570396,7679,,,2022-02-21
🇺🇲🇮🇩🇯🇵SUB] 다시 찾아온 헬스장 몰카4 - [동네놈들],2019-12-19 19:30,ftr0RyuxVlc,https://www.youtube.com/watch?v=ftr0RyuxVlc,2877255,41271,,,2022-02-21
🇺🇲SUB] [젊은꼰대2탄] 디셈버 DK “죄송합니다 사고 한 번 치겠습니다” - [동네놈들],2019-12-15 19:30,qwBNad-_a3o,https://www.youtube.com/watch?v=qwBNad-_a3o,118653,1534,,,2022-02-21
🇺🇲SUB] [젊은꼰대] 디셈버 DK “저는 이제 그만 해야 할 것 같습니다..”(충격고백) - [동네놈들],2019-12-13 23:30,RvLKARjCgz4,https://www.youtube.com/watch?v=RvLKARjCgz4,316218,3808,,,2022-02-21
🇺🇲🇮🇩SUB] 이 춤 추면 한국에서 우주대스타가 될 수 있어!!! - [동네놈들],2019-12-08 19:30,72jmWq7JR2c,https://www.youtube.com/watch?v=72jmWq7JR2c,370143,6228,,,2022-02-21
🇺🇲SUB] 2019년 하반기 BEST 몰카 모음집 - [동네놈들],2019-12-05 19:30,9MQqc5mCM60,https://www.youtube.com/watch?v=9MQqc5mCM60,1179305,11782,,,2022-02-21
🇺🇲🇮🇩SUB] 술똥 몰카 2탄! 얘 또 똥 쌌어!!!  - [동네놈들],2019-12-01 19:30,hvsFyMaL16o,https://www.youtube.com/watch?v=hvsFyMaL16o,2048096,23886,,,2022-02-21
🇺🇲🇮🇩🇷🇺SUB] 야 이 새끼 똥 쌌어!!! - [동네놈들],2019-11-28 19:30,G5VDhu7k4MA,https://www.youtube.com/watch?v=G5VDhu7k4MA,1561793,27994,,,2022-02-21
🇺🇲🇮🇩SUB] 전복가서 제주도 한사바리 괜찮잖아? - [동네놈들],2019-11-25 20:45,_zYb1M0fBWU,https://www.youtube.com/watch?v=_zYb1M0fBWU,829544,11095,,,2022-02-21
🇺🇲🇮🇩SUB] 외면의 아름다움도 중요하지만 내면의 아름다움도 중요하다 - [동네놈들],2019-11-21 19:30,NV5hjeaHI2g,https://www.youtube.com/watch?v=NV5hjeaHI2g,1419654,19018,,,2022-02-21
🇺🇲SUB] 어이 젊은 친구.. 신사답게 행동해 - [동네놈들],2019-11-17 19:30,BEHwjZy8Gv8,https://www.youtube.com/watch?v=BEHwjZy8Gv8,1640501,18098,,,2022-02-21
🇺🇲🇮🇩SUB] 배우가 되는 것은 세상에서 가장 외로운 일이다 - [동네놈들],2019-11-14 19:30,K3AUcKpQmYg,https://www.youtube.com/watch?v=K3AUcKpQmYg,1001343,13648,,,2022-02-21
🇺🇲SUB] 미공개 무편집 영상 공개! (아쉬웠던 편) - [동네놈들],2019-11-12 21:45,QFbQKR0UCzc,https://www.youtube.com/watch?v=QFbQKR0UCzc,497487,7742,,,2022-02-21
🇺🇲SUB] 성형 한 번에 5억을 태워?! - [동네놈들],2019-11-10 19:30,I-7BbesT2ek,https://www.youtube.com/watch?v=I-7BbesT2ek,864876,12596,,,2022-02-21
🇺🇲🇮🇩SUB] 화란아 나도 팽이가 있다.. - [동네놈들],2019-11-07 19:30,4UZJ2ufE79o,https://www.youtube.com/watch?v=4UZJ2ufE79o,1743991,25320,,,2022-02-21
🇺🇲🇮🇩🇨🇳SUB] 외제차 뽑았다 널 데리러 가 - [동네놈들],2019-11-03 19:30,KqhpLpsk0AA,https://www.youtube.com/watch?v=KqhpLpsk0AA,3985258,53384,,,2022-02-21
🇺🇲🇮🇩SUB] 기류 이상으로 추락합니다!!! - [동네놈들],2019-10-31 19:30,vGqFlEMGpgk,https://www.youtube.com/watch?v=vGqFlEMGpgk,944906,14358,,,2022-02-21
🇺🇲🇮🇩🇪🇸SUB] 몰카는 속아줘야 제맛이지!!! - [동네놈들],2019-10-27 19:30,_zxcb_ibbbs,https://www.youtube.com/watch?v=_zxcb_ibbbs,792481,15252,,,2022-02-21
🇺🇲🇮🇩🇨🇳SUB] 니가 알던 골프가 아니야!!! - [동네놈들],2019-10-24 19:30,f75pXBSIHoI,https://www.youtube.com/watch?v=f75pXBSIHoI,5030713,41160,,,2022-02-21
🇺🇲🇮🇩SUB] 뮤지컬 다시 하고 싶습니다! 선배님!! - [동네놈들],2019-10-20 19:30,bIQvlVFKNJc,https://www.youtube.com/watch?v=bIQvlVFKNJc,1065821,15253,,,2022-02-21
🇺🇲🇮🇩SUB] 몽타주 속 범인이 내 앞에 있다!!! - [동네놈들],2019-10-17 21:30,VNnoRvhJwW4,https://www.youtube.com/watch?v=VNnoRvhJwW4,1485509,24351,,,2022-02-21
🇺🇲SUB] 🔥긴급 🔥투표 해주세요 - [동네놈들],2019-10-13 19:30,yYwm7aXMH8k,https://www.youtube.com/watch?v=yYwm7aXMH8k,273045,4951,,,2022-02-21
ENG] IND] 어서와 이런 마사지는 처음이지?! - [동네놈들],2019-10-10 19:30,RQBUkRSrPZ4,https://www.youtube.com/watch?v=RQBUkRSrPZ4,767611,9130,,,2022-02-21
ENG] IND] 야! 내 말만 들으면 너도 키스 할 수 있어! - [동네놈들],2019-10-06 19:30,lBN9bwWjUH0,https://www.youtube.com/watch?v=lBN9bwWjUH0,2284911,23207,,,2022-02-21
ENG] IND] 죄송한데.. 잠깐만 가게 좀 맡아주세요  - [동네놈들],2019-10-03 19:30,Ax015zMAjBk,https://www.youtube.com/watch?v=Ax015zMAjBk,1037465,16294,,,2022-02-21
ENG] IND] [몰카] 약빤 성우들의 저 세상 텐션 더빙 현장2ㅋㅋㅋㅋㅋ - [동네놈들],2019-09-27 19:45,yU36XR6uEFY,https://www.youtube.com/watch?v=yU36XR6uEFY,1079188,13797,,,2022-02-21
ENG] IND] [몰카] 저 세상 텐션+약빨은 마임 악기 연주대회ㅋㅋㅋㅋㅋ - [동네놈들],2019-09-22 19:30,Yw44HPVHxAQ,https://www.youtube.com/watch?v=Yw44HPVHxAQ,965161,14686,,,2022-02-21
🇺🇲🇮🇩🇻🇳SUB] [몰카] 나만의 쾌변 노하우는? 저 세상 텐션 설문조사 몰카ㅋㅋㅋㅋㅋ - [동네놈들],2019-09-19 19:30,A4r8hhP16Yk,https://www.youtube.com/watch?v=A4r8hhP16Yk,2512989,30929,,,2022-02-21
ENG] [몰카] 생방송 도중 채팅창이 악플로 도배 된다면?!!! (feat.비고라이브) - [동네놈들],2019-09-15 19:30,55YQkb5pscE,https://www.youtube.com/watch?v=55YQkb5pscE,648426,9835,,,2022-02-21
ENG] IND] [몰카] 약빤 화가가 그려주는 초상화를 눈 앞에서 본다면?!!! - [동네놈들],2019-09-12 19:30,mC93XpYC7UU,https://www.youtube.com/watch?v=mC93XpYC7UU,1342625,17725,,,2022-02-21
ENG] IND] [몰카] 약빤 성우들의 미친 더빙을 눈 앞에서 본다면?!!! - [동네놈들],2019-09-08 19:30,8BGRcmJO8KY,https://www.youtube.com/watch?v=8BGRcmJO8KY,2728432,36875,,,2022-02-21
ENG] 60만 유튜버의 인지도는 어느정도일까?!!! - [동네놈들],2019-09-05 19:30,4QdtAH2VJkM,https://www.youtube.com/watch?v=4QdtAH2VJkM,716623,13123,,,2022-02-21
🇺🇲🇪🇸🇮🇩🇨🇳SUB] [몰카] 약빨은 종이비행기 대회 현장을 눈 앞에서 목격한다면?!!!ㅋㅋㅋㅋㅋ - [동네놈들],2019-09-01 19:30,Xb4lR5gTec8,https://www.youtube.com/watch?v=Xb4lR5gTec8,3595650,41520,,,2022-02-21
ENG] IND] [몰카] BTS도 벌벌떨만한 실력파 아이돌 연습생들을 본다면?!!!ㅋㅋㅋㅋㅋ- [동네놈들],2019-08-29 20:15,Xogsq8A7sFs,https://www.youtube.com/watch?v=Xogsq8A7sFs,2718862,38680,,,2022-02-21
ENG] IND] [간단몰카] 엉터리 사투리 선생의 사기과외를 직접 목격한다면?!!!ㅋㅋㅋㅋㅋ - [동네놈들],2019-08-25 19:30,02riAPFP0ok,https://www.youtube.com/watch?v=02riAPFP0ok,2039437,19229,,,2022-02-21
🇺🇲🇮🇩SUB] [몰카] BAR에 약빨은 미친놈들이 들이닥친다면?!!!ㅋㅋㅋㅋㅋ - [동네놈들],2019-08-22 19:30,W-O0rZWFW48,https://www.youtube.com/watch?v=W-O0rZWFW48,3277638,26923,,,2022-02-21
ENG] IND] [몰카] 소개팅 어플에서 미녀를 만나 데이트까지?!!!! (feat.다톡) - [동네놈들],2019-08-18 19:30,uR47NcRU5ng,https://www.youtube.com/watch?v=uR47NcRU5ng,1102334,11919,,,2022-02-21
ENG] IND] [몰카] 약빨은 패션 모델들을 눈 앞에서 본다면?!!!ㅋㅋㅋㅋㅋ - [동네놈들],2019-08-15 19:30,lD3VAZ8lXWU,https://www.youtube.com/watch?v=lD3VAZ8lXWU,1377453,19200,,,2022-02-21
[간단몰카] 눈 앞에서 대놓고 몰카 하는 유튜버를 본다면?!?!!! - [동네놈들],2019-08-11 19:30,rbW6Lj8jiR4,https://www.youtube.com/watch?v=rbW6Lj8jiR4,393593,5337,,,2022-02-21
ENG] IND] [몰카] 트와이스에 미친 광팬들의 정모를 눈 앞에서 본다면?!?!!! - [동네놈들],2019-08-08 19:30,213g-Jx3PpI,https://www.youtube.com/watch?v=213g-Jx3PpI,3060414,43779,,,2022-02-21
[공포몰카] 폐극장에서 촬영하다 귀신이 튀어나온다면?!!!! (feat.영화 암전) - [동네놈들],2019-08-04 19:30,b3xS4doAC_M,https://www.youtube.com/watch?v=b3xS4doAC_M,597941,8215,,,2022-02-21
ENG] IND] [몰카] 격투장 몰카2 약빨은 무림고수가 알려주는 싸움의 기술ㅋㅋㅋㅋㅋㅋㅋ - [동네놈들],2019-08-01 19:30,K4ubbCXym20,https://www.youtube.com/watch?v=K4ubbCXym20,2289690,32817,,,2022-02-21
ENG] IND] [간단몰카] 주작 유튜버를 눈 앞에서 본다면?!?!!!!!ㅋㅋㅋㅋㅋㅋㅋ - [동네놈들],2019-07-28 19:30,S-l91j6AyS8,https://www.youtube.com/watch?v=S-l91j6AyS8,1031033,13549,,,2022-02-21
ENG] IND] [몰카] 걸그룹 눈 앞에 약빤 기획사 대표가 나타난다면?!?!!! - [동네놈들],2019-07-25 19:30,QWltGJjBhec,https://www.youtube.com/watch?v=QWltGJjBhec,2904078,40052,,,2022-02-21
ENG] [간단몰카] 도가 지나친 유튜버를 받아주는 약빨은 시민을 본다면?!?!!!!ㅋㅋㅋㅋㅋㅋㅋ - [동네놈들],2019-07-20 21:15,ZrmOsE51at0,https://www.youtube.com/watch?v=ZrmOsE51at0,631997,7952,,,2022-02-21
ENG] IND] [몰카] 격투기 체육관에 약빨은 무림고수를 눈 앞에서 본다면?!!!!! - [동네놈들],2019-07-18 19:30,KyGvOjQ4fBk,https://www.youtube.com/watch?v=KyGvOjQ4fBk,2707196,36362,,,2022-02-21
🇺🇲🇫🇷🇮🇩🇹🇭🇯🇵🇨🇳SUB] [몰카] 헬스장 몰카3ㅋㅋㅋ마지막으로 나타난 약빨은 회원ㅋㅋㅋㅋㅋㅋ - [동네놈들],2019-07-11 19:30,GuAjwnfGDFA,https://www.youtube.com/watch?v=GuAjwnfGDFA,16588298,183937,,,2022-02-21
[몰카] 베스트 몰래카메라 모음집ㅋㅋㅋㅋㅋㅋㅋ(2019년 상반기) - [동네놈들],2019-07-07 19:30,-Lro3MjIThg,https://www.youtube.com/watch?v=-Lro3MjIThg,2569391,17725,,,2022-02-21
🇺🇲🇮🇩🇯🇵SUB] [몰카] 헬스장 몰카2 ㅋㅋㅋ또다시 나타난 약빨은 회원ㅋㅋㅋㅋㅋㅋㅋ - [동네놈들],2019-07-04 19:30,1MrPqcOpCyw,https://www.youtube.com/watch?v=1MrPqcOpCyw,8100264,103490,,,2022-02-21
[웃형 정재형 EP.2] 웃음 없는 하루는 낭비한 하루다. - [동네놈들],2019-06-30 21:30,ap_bq60M1z8,https://www.youtube.com/watch?v=ap_bq60M1z8,246452,3537,,,2022-02-21
🇺🇲🇮🇩🇯🇵SUB] [몰카] 헬스장에서 약빨은 회원이 눈 앞에서 운동을 한다면?!!!! - [동네놈들],2019-06-27 19:30,TDrJXYqN-e0,https://www.youtube.com/watch?v=TDrJXYqN-e0,9778608,105050,,,2022-02-21
"[시트콤] 테레비는 사랑을 싣고 - ""선생님 저 많이 때리셨죠...?!"" - [동네비디오]",2019-06-23 19:30,BQQ-ATjnUXc,https://www.youtube.com/watch?v=BQQ-ATjnUXc,106105,1563,,,2022-02-21
[몰카] 생일인 친구 빡치게 하는 몰카 VS 몰카 안 받아주기 - [동네놈들],2019-06-20 19:30,RylQ-lGEjbg,https://www.youtube.com/watch?v=RylQ-lGEjbg,1032423,16320,,,2022-02-21
ENG] IND] [몰카] 소개팅에 장군복을 입고 나간다면?!!!!ㅋㅋㅋㅋㅋㅋㅋ(feat. 스와이프) - [동네놈들],2019-06-16 19:30,bCWdTgWnGGY,https://www.youtube.com/watch?v=bCWdTgWnGGY,2579640,27507,,,2022-02-21
(몰카) 똥이 너무 마려운 사람이 화장실을 데려다 달라 한다면?!?!!!!! - [동네놈들],2019-06-13 19:30,u0kIQOqMi7I,https://www.youtube.com/watch?v=u0kIQOqMi7I,910660,9009,,,2022-02-21
[웃형 정재형 EP.1] 힘들때 울면 삼류 힘들때 웃으면 일류 - [동네놈들],2019-06-08 19:30,SM1Kholevho,https://www.youtube.com/watch?v=SM1Kholevho,182076,3499,,,2022-02-21
🇺🇲🇮🇩SUB] (몰카) 바람난 여자친구한테 복수하려고 여친인 척 통화를 부탁한다면?!!!! - [동네놈들],2019-06-06 19:30,Vwz11xMxhvc,https://www.youtube.com/watch?v=Vwz11xMxhvc,4706578,48906,,,2022-02-21
(몰카) 므흣한 영화 대본 리딩을 도와달라고 한다면?!?!!!ㅋㅋㅋㅋㅋ - [동네놈들],2019-05-30 19:30,Yw0F16at9BU,https://www.youtube.com/watch?v=Yw0F16at9BU,360195,6133,,,2022-02-21
🇺🇲🇮🇩🇦🇪SUB] (몰카) 일진 때문에 겁먹은 학생이 같이 가달라고 한다면?!?!!!! - [동네놈들],2019-05-23 19:30,sYXbL6-DMVA,https://www.youtube.com/watch?v=sYXbL6-DMVA,3563687,40824,,,2022-02-21
보이스 채팅 어플로 보이스피싱인 척 해보기ㅋㅋㅋㅋㅋㅋ(ft.굿나잇어플) - [동네놈들],2019-05-19 19:30,1bBOLP9d37Q,https://www.youtube.com/watch?v=1bBOLP9d37Q,328172,4518,,,2022-02-21
(몰카) 소매치기범으로 세상 억울하게 몰리게 된다면?!!!!! (ft. 레전드 리액션) - [동네놈들],2019-05-09 19:30,qxsGaFjvJjA,https://www.youtube.com/watch?v=qxsGaFjvJjA,450913,7071,,,2022-02-21
ENG] IND] (몰카) 미용실에서 약빨은 상황이 눈 앞에서 벌어진다면?!!!!ㅋㅋㅋㅋㅋ - [동네놈들],2019-05-02 19:30,4FhVCIKgluI,https://www.youtube.com/watch?v=4FhVCIKgluI,2601920,34003,,,2022-02-21
🇺🇲🇮🇩SUB] (몰카) 똥이 너무 마려운 사람이 내 앞에 들이닥친다면?!!!!! (ft.역대급 리액션) - [동네놈들],2019-04-25 19:30,fxQ3x9Ayk2Y,https://www.youtube.com/watch?v=fxQ3x9Ayk2Y,3824733,40459,,,2022-02-21
(몰카) 코인노래방에서 밀거래 현장을 눈앞에서 본다면?!!!! - [동네놈들],2019-04-21 19:30,PKjsAu6MiB0,https://www.youtube.com/watch?v=PKjsAu6MiB0,589094,6325,,,2022-02-21
우동스에 판타스틱듀오2 출연자 등장!!! 가창력 실화냐?!! ㅎㄷㄷ.. ★우동스 2화★ - [동네놈들],2019-04-14 19:30,qLLaOt57XJY,https://www.youtube.com/watch?v=qLLaOt57XJY,89679,871,,,2022-02-21
🇺🇲🇫🇷🇪🇸🇮🇩🇦🇪🇯🇵🇨🇳SUB] (몰카) 엘레베이터안에 몽타주 속 범인이 눈앞에 있다면?!!!! - [동네놈들],2019-04-11 19:30,_tCJUOOFw74,https://www.youtube.com/watch?v=_tCJUOOFw74,10862257,225610,,,2022-02-21
(몰카) 형들을 몰래카메라로 가지고 놀아?! 드디어!! 복수 응징 성공!!! - [동네놈들],2019-04-03 20:45,G7a4c-rDN8s,https://www.youtube.com/watch?v=G7a4c-rDN8s,681464,7523,,,2022-02-21
일반인 장기자랑 역대급 레전드판 ★우동스 1화★ㅋㅋㅋㅋㅋㅋㅋ - [동네놈들],2019-03-29 19:30,Sw92kkuiOnI,https://www.youtube.com/watch?v=Sw92kkuiOnI,146222,1765,,,2022-02-21
천안함 9주기 입니다. 그들을 잊지 않겠습니다 (feat. 천안함 추모셔츠 김윤수) - [동네놈들],2019-03-26 12:00,50qykUmyjtY,https://www.youtube.com/watch?v=50qykUmyjtY,41882,2321,,,2022-02-21
(몰카) 롤렉스 1680만원짜리 리뷰하다가 박살냈습니다... (ft.몰래카메라) - [동네놈들],2019-03-19 19:45,USu8Wd0cAvY,https://www.youtube.com/watch?v=USu8Wd0cAvY,1989824,19094,,,2022-02-21
새로운 컨텐츠 시작합니다!!!!!  - [동네놈들],2019-03-10 19:30,AU50EXW8fQA,https://www.youtube.com/watch?v=AU50EXW8fQA,63135,906,,,2022-02-21
이중주차하고 사과 한마디 없어서 참교육...당하다... - [동네놈들],2019-03-07 19:30,7lCrj0G-Am4,https://www.youtube.com/watch?v=7lCrj0G-Am4,2814346,20399,,,2022-02-21
지각 계속 하는 동생 저수지에 버리고 왔습니다ㅋㅋㅋㅋㅋㅋ - [동네놈들],2019-03-01 19:30,tns5zFoPt2E,https://www.youtube.com/watch?v=tns5zFoPt2E,1049326,9862,,,2022-02-21
(몰카) 세상 진심 심각한 척 하면서 돈 빌려달라고 해보았습니다ㅋㅋㅋㅋㅋㅋㅋ - [동네놈들],2019-02-20 19:45,B9vScE9tinU,https://www.youtube.com/watch?v=B9vScE9tinU,1021579,13290,,,2022-02-21
10만 구독자 이벤트 당첨자분들에게 시원하게 10만원 쏴드리고 왔습니다!!!!!! - [동네놈들],2019-02-17 19:30,nL_H7GymVbg,https://www.youtube.com/watch?v=nL_H7GymVbg,49265,1235,,,2022-02-21
미녀개그우먼과 영상통화 소개팅! But 치명적인 단점?! 남자들의 현실 반응ㅋㅋㅋㅋㅋㅋㅋ - [동네놈들],2019-02-05 19:30,mnWRmD5bLGE,https://www.youtube.com/watch?v=mnWRmD5bLGE,256637,2594,,,2022-02-21
(몰카) 도플갱어 특집!!! 눈썰미 1도 없는 형 속이기ㅋㅋㅋㅋㅋㅋ어디까지 눈치가 없는거야! - [동네놈들],2019-01-31 19:30,WEclfYVet30,https://www.youtube.com/watch?v=WEclfYVet30,1423481,15985,,,2022-02-21
죄송합니다.. 스카이캐슬 진짜 범인을 알아버렸습니다... - [동네놈들],2019-01-26 16:30,z0EJkIwxH-o,https://www.youtube.com/watch?v=z0EJkIwxH-o,54511,742,,,2022-02-21
구독자 10만 기념 이벤트 당첨자 발표합니다!!! - [동네놈들],2019-01-18 19:30,tDGBVKpy5i4,https://www.youtube.com/watch?v=tDGBVKpy5i4,21254,439,,,2022-02-21
(몰카) 소주 몰래 타먹여서 술친구+술고래 만들기ㅋㅋㅋㅋㅋㅋ - [동네놈들],2019-01-17 18:30,elzsjglF9GY,https://www.youtube.com/watch?v=elzsjglF9GY,2241869,18790,,,2022-02-21
(몰카) 사생팬 몰래카메라!!! 동네놈들 안진호 제대로 당했다ㅋㅋㅋㅋㅋ - [동네놈들],2019-01-13 19:30,ps4NUjjyyuc,https://www.youtube.com/watch?v=ps4NUjjyyuc,2261985,24409,,,2022-02-21
구독자 10만명 기념 이벤트 가즈아!! 직접 찾아가서 10만원 결제 해드립니다!!! - [동네놈들],2019-01-09 17:00,LNPhJc9ltjE,https://www.youtube.com/watch?v=LNPhJc9ltjE,32344,933,,,2022-02-21
"중고 직거래 어플에서 보겸이 마시던 종이컵이 10만원??!!ㅋㅋㅋㅋㅋㅋ(feat. 쓰던숟가락,먹다남은통감자,영화포스터) - [동네놈들]",2019-01-05 21:45,rkVcQrPji2c,https://www.youtube.com/watch?v=rkVcQrPji2c,615780,6518,,,2022-02-21
우리나라에서 가장 추운 철원에서 라면 먹기.. ㅎㄷㄷ - [동네놈들],2018-12-22 19:00,SzVgPRK3g10,https://www.youtube.com/watch?v=SzVgPRK3g10,353607,4937,,,2022-02-21
이보다도 유쾌할 순 없다ㅋㅋㅋㅋㅋ 개그맨 정재형 결혼식 현장 공개!!!(흔한 개그맨 결혼식) - [동네놈들],2018-12-18 18:00,fMTRVzqSc1I,https://www.youtube.com/watch?v=fMTRVzqSc1I,448464,7395,,,2022-02-21
IND] 일진 선배가 돈을 안 갚아요.. 대신 돈 좀 받아주세요!!! (feat.구독자 제보) - [동네놈들],2018-12-14 18:00,Fei3t_AUvGw,https://www.youtube.com/watch?v=Fei3t_AUvGw,981773,11147,,,2022-02-21
병맛 B급 감성 한웅큼 담긴 음악+뮤비ㅋㅋㅋㅋㅋㅋㅋ [MV] 동네놈들(DNND) - 노빠꾸,2018-12-08 19:00,gXyZ-4tiCEs,https://www.youtube.com/watch?v=gXyZ-4tiCEs,71136,1634,,,2022-02-21
"불법 심부름 업체 청소년한테 술, 담배 심부름 했다고?! 제대로 참교육 실현하다!!!! - [동네놈들]",2018-12-04 16:00,-W80gO4KEcU,https://www.youtube.com/watch?v=-W80gO4KEcU,566225,7188,,,2022-02-21
혹한의 웃음참기챌린지 훈련!! 보기만해도 너무 추움ㅋㅋㅋㅋㅋㅋㅋㅋㅋㅋ (feat. 계곡물싸대기) - [동네놈들],2018-11-29 17:00,13z6XFYR544,https://www.youtube.com/watch?v=13z6XFYR544,509044,6104,,,2022-02-21
역대급 엉터리 사기꾼 연기선생한테 레슨 받다가 참교육 당하다!!! (feat. 구독자제보) - [동네놈들],2018-11-23 22:48,djbrId1sk4A,https://www.youtube.com/watch?v=djbrId1sk4A,731407,8969,,,2022-02-21
초코파이 맛있게 먹고싶어서 육군훈련소 재입대하다?!!! - [동네놈들],2018-11-20 17:00,0sBbpSZoc38,https://www.youtube.com/watch?v=0sBbpSZoc38,266379,3304,,,2022-02-21
동네놈들 구독자 애칭 정하기 시작합니다~😁,2018-11-15 16:39,ySlqj4sqkY4,https://www.youtube.com/watch?v=ySlqj4sqkY4,16473,310,,,2022-02-21
선물 이벤트 당첨자 구독자 두 분에게 선물 배달하고 왔습니다!!!! - [동네놈들],2018-11-08 13:51,5Qlu8PtHDdA,https://www.youtube.com/watch?v=5Qlu8PtHDdA,44020,922,,,2022-02-21
구독자 1000명 달성 선물 이벤트 당첨자 발표 합니다!!!!!! - [동네놈들],2018-11-01 22:40,O7DtGvSsQ1Y,https://www.youtube.com/watch?v=O7DtGvSsQ1Y,37265,328,,,2022-02-21
나도 자연인이다 [2탄 / 자연에서 직접 만드는 짜장면 먹방 / 가평 계곡 다리 밑 정재형 선생님] - [동네놈들],2018-10-31 05:27,WThAIPENW1c,https://www.youtube.com/watch?v=WThAIPENW1c,138999,1598,,,2022-02-21
나도 자연인이다 [1탄 / 가평 계곡 다리 밑 정재형 선생님] - [동네놈들],2018-10-28 21:07,mig2fMEOAgU,https://www.youtube.com/watch?v=mig2fMEOAgU,199775,2148,,,2022-02-21
구독자 1000명 달성!! 선물 이벤트 START!!!! - [동네놈들],2018-10-24 04:28,Lb-vz9mM0E4,https://www.youtube.com/watch?v=Lb-vz9mM0E4,10757,213,,,2022-02-21
구독자 1000 달성 기념!!! Live 방송.(feat 구독자님's) - [동네놈들],2018-10-23 17:42,TNWcssGNyyk,https://www.youtube.com/watch?v=TNWcssGNyyk,33664,327,,,2022-02-21
영상통화중 교통사고 목격 했을 때 개그맨 & 친구 현실 반응ㅋㅋㅋㅋㅋㅋㅋㅋㅋㅋ - [동네놈들],2018-10-20 07:52,5pTys6xLzEU,https://www.youtube.com/watch?v=5pTys6xLzEU,966433,10508,,,2022-02-21
마동석 닮은 건달 동생 데리고 멤버들 벌벌 떨게 만들기ㅋㅋㅋㅋㅋㅋㅋ(feat. 몰래카메라) - [동네놈들],2018-10-12 08:02,VFtc8VkyODI,https://www.youtube.com/watch?v=VFtc8VkyODI,2000259,13670,,,2022-02-21
신림동 존잘 꽃미남!  만나고 싶었어요!!! 신림동 꽃거지님 찾기 프로젝트 - [동네놈들],2018-10-07 06:10,vsjqgqhw6Bo,https://www.youtube.com/watch?v=vsjqgqhw6Bo,280781,1968,,,2022-02-21
"5초 드라마 (제 4화) 있잖아, 그때 생각나? - [동네놈들]",2018-10-06 21:27,3aYxfv_MCwY,https://www.youtube.com/watch?v=3aYxfv_MCwY,48838,603,,,2022-02-21
"5초 드라마 (제 3화) 그 녀석의 등장, 안사장의 운명은? - [동네놈들]",2018-10-06 21:00,a6a7XR36VLQ,https://www.youtube.com/watch?v=a6a7XR36VLQ,46797,576,,,2022-02-21
"5초 드라마 (제 2화) 최실장, 그는 도대체 누구인가? - [동네놈들]",2018-09-30 16:54,PnnrRQxXPmw,https://www.youtube.com/watch?v=PnnrRQxXPmw,50218,670,,,2022-02-21
5초 드라마 (제 1화) 주연배우 소개 - [동네놈들],2018-09-30 01:19,BtScP8p1Sps,https://www.youtube.com/watch?v=BtScP8p1Sps,61920,787,,,2022-02-21
남자가 여장하고 1km 소개팅 어플로 남자 꼬시기ㅋㅋㅋㅋㅋㅋㅋㅋ - [동네놈들],2018-09-29 06:48,6CsDQ3Sv3tw,https://www.youtube.com/watch?v=6CsDQ3Sv3tw,1035425,16721,,,2022-02-21
월미도 바이킹 타면서 맥도날드 콘파이 먹방 리뷰ㅋㅋㅋㅋㅋㅋㅋㅋㅋㅋmcdonald's corn pie - [동네놈들],2018-09-14 13:34,q5voDSfEO64,https://www.youtube.com/watch?v=q5voDSfEO64,60646,1167,,,2022-02-21
깜놀!! 갑툭튀!!! 움찔 참기 챌린지ㅋㅋㅋㅋㅋㅋㅋㅋ (feat. 움찔거리면 물싸대기!!!!) - [동네놈들],2018-09-13 19:29,CgrjLSbWwoo,https://www.youtube.com/watch?v=CgrjLSbWwoo,191831,3445,,,2022-02-21
배그하는 친구 빡치게 하는 법ㅋㅋㅋㅋㅋㅋㅋㅋㅋㅋㅋㅋ BATTLEGROUNDS - [동네놈들],2018-09-01 01:51,4qyvsLHGuIM,https://www.youtube.com/watch?v=4qyvsLHGuIM,99896,950,,,2022-02-21
[참교육] 말 안 듣는 동생 수갑 채우고 참교육 시켜주기 ㅋㅋㅋㅋㅋ - [동네놈들],2018-08-31 04:51,eLbkM3Voa_c,https://www.youtube.com/watch?v=eLbkM3Voa_c,495849,6520,,,2022-02-21
[몰카] 개그우먼 & 개그맨들 앞에서 소변을 지려봤습니다ㅋㅋㅋㅋㅋ- [동네놈들],2018-08-25 07:20,4EXpCfPJ94c,https://www.youtube.com/watch?v=4EXpCfPJ94c,575594,5449,,,2022-02-21
[몰카] 차 안에서 소변을 지렸습니다ㅋㅋㅋㅋㅋㅋㅋㅋㅋㅋㅋㅋㅋㅋ - [동네놈들],2018-08-24 07:17,urA7fT36ga4,https://www.youtube.com/watch?v=urA7fT36ga4,359586,4213,,,2022-02-21
🇺🇲🇮🇩SUB] 사모님 접대 고수익 꿀알바 실제 면접 영상!!! 목숨 걸고 촬영.... - [동네놈들],2018-08-12 02:24,LgunzpmwaqE,https://www.youtube.com/watch?v=LgunzpmwaqE,6901976,48359,,,2022-02-21
